<?xml version="1.0" encoding="UTF-8" ?>
<!DOCTYPE struts PUBLIC
        "-//Apache Software Foundation//DTD Struts Configuration 2.5//EN"
        "http://struts.apache.org/dtds/struts-2.5.dtd">
<struts>
    <constant name="struts.enable.DynamicMethodInvocation" value="false"/>
    <constant name="struts.devMode" value="true"/>

    <package name="default" namespace="/" extends="struts-default">

        <default-action-ref name="index"/>

        <action name="index">
            <result type="redirectAction">
                <param name="actionName">upload</param>
            </result>
        </action>

<action name="upload" class="org.vicarius.example.Upload">
    <result name="input">WEB-INF/upload.jsp</result>
    <result name="error">WEB-INF/error.jsp</result>
    <result name="success">WEB-INF/success.jsp</result>
</action>

    </package>
</struts>
